Div,Date,Time,HomeTeam,AwayTeam,FTHG,FTAG,FTR,HTHG,HTAG,HTR,HS,AS,HST,AST,HF,AF,HC,AC,HY,AY,HR,AR,B365H,B365D,B365A,BWH,BWD,BWA,IWH,IWD,IWA,PSH,PSD,PSA,WHH,WHD,WHA,VCH,VCD,VCA,MaxH,MaxD,MaxA,AvgH,AvgD,AvgA,B365>2.5,B365<2.5,P>2.5,P<2.5,Max>2.5,Max<2.5,Avg>2.5,Avg<2.5,AHh,B365AHH,B365AHA,PAHH,PAHA,MaxAHH,MaxAHA,AvgAHH,AvgAHA,B365CH,B365CD,B365CA,BWCH,BWCD,BWCA,IWCH,IWCD,IWCA,PSCH,PSCD,PSCA,WHCH,WHCD,WHCA,VCCH,VCCD,VCCA,MaxCH,MaxCD,MaxCA,AvgCH,AvgCD,AvgCA,B365C>2.5,B365C<2.5,PC>2.5,PC<2.5,MaxC>2.5,MaxC<2.5,AvgC>2.5,AvgC<2.5,AHCh,B365CAHH,B365CAHA,PCAHH,PCAHA,MaxCAHH,MaxCAHA,AvgCAHH,AvgCAHA
G1,19/08/2022,19:30,Volos NFC,Asteras Tripolis,3,3,D,1,1,D,9,12,6,4,12,18,3,3,4,3,0,0,2.45,3.3,2.75,2.55,3.1,2.75,2.5,3.3,2.8,2.67,3.12,2.87,2.55,3,2.7,2.55,3.1,2.8,2.74,3.35,2.88,2.56,3.15,2.77,2.2,1.65,2.21,1.68,2.24,1.71,2.18,1.66,0,1.83,2.02,1.85,2,1.88,2.06,1.82,1.98,2.45,3.4,2.8,2.45,3.1,2.9,2.4,3.25,3,2.51,3.07,3.13,2.3,3.2,2.88,2.45,3.13,2.9,2.74,3.48,3.13,2.43,3.16,2.94,2.15,1.66,2.22,1.68,2.32,1.72,2.17,1.66,-0.25,2.15,1.73,2.12,1.76,2.19,1.82,2.08,1.75
G1,20/08/2022,18:00,Atromitos,OFI Crete,3,1,H,2,1,H,6,5,4,2,9,20,2,5,2,4,0,0,2.2,3,3.8,2.1,3.2,3.4,2.2,3.05,3.65,2.1,3.25,3.66,2.1,3.1,3.3,2.1,3.2,3.5,2.25,3.5,3.8,2.12,3.21,3.47,2.07,1.72,2.03,1.77,2.12,1.8,2.04,1.74,-0.25,1.83,2.02,1.81,2.05,1.89,2.07,1.82,1.98,2.2,3.2,3.5,2.1,3.25,3.5,2.2,3.2,3.45,2.18,3.12,3.76,2.1,3.1,3.3,2.1,3.25,3.4,2.24,3.5,3.76,2.15,3.18,3.45,2.05,1.75,2.07,1.77,2.21,1.83,2.03,1.75,-0.25,1.9,1.95,1.85,2.01,1.96,2.02,1.85,1.95
G1,20/08/2022,19:30,Lamia,AEK,0,3,A,0,1,A,4,8,2,3,16,18,0,1,1,1,0,0,8.5,4,1.45,6.5,3.9,1.51,7.75,3.95,1.5,7.49,4.1,1.49,6.5,3.6,1.5,7,3.8,1.5,8.5,4.14,1.54,6.99,3.91,1.49,2.15,1.66,2.23,1.67,2.25,1.71,2.19,1.64,1,2,1.85,1.97,1.88,2,1.97,1.92,1.87,15,4.75,1.3,12.5,4.8,1.29,14,4.8,1.3,13.73,4.82,1.3,15,4.4,1.24,13,5,1.25,17,5.39,1.33,13.41,4.86,1.27,2.25,1.61,2.33,1.62,2.34,1.71,2.2,1.64,1.5,1.83,2.02,1.85,2.01,1.94,2.03,1.85,1.94
G1,20/08/2022,19:45,PAOK,Panetolikos,1,0,H,1,0,H,9,4,7,2,12,9,7,4,0,2,0,0,1.3,5,13,1.31,5,9.5,1.3,5,11,1.28,5.41,12.16,1.27,4.5,11,1.29,4.8,11,1.32,5.5,13,1.29,5.01,10.46,1.83,2.02,1.82,2.03,1.88,2.06,1.81,1.95,-1.5,1.98,1.88,1.94,1.91,2,1.93,1.94,1.85,1.5,4.2,7,1.47,4.33,6.5,1.5,4.3,6.75,1.48,4.17,7.38,1.44,3.9,6.5,1.45,4.2,6.5,1.52,4.5,7.6,1.46,4.26,6.71,1.75,2.05,1.83,2.01,1.89,2.08,1.78,1.99,-1,1.8,2.05,1.82,2.05,1.85,2.18,1.78,2.02
G1,21/08/2022,18:00,Panathinaikos,Ionikos,1,0,H,1,0,H,9,3,4,1,11,18,6,1,1,4,0,0,1.36,4.5,10,1.36,4.6,8.5,1.35,4.6,9.5,1.29,5.29,10.3,1.3,4.33,10,1.3,4.8,10,1.36,5.5,11,1.32,4.85,9.43,1.95,1.9,1.81,2,1.95,2,1.85,1.92,-1.5,2.02,1.77,2.03,1.8,2.09,1.85,2.01,1.78,1.36,4.5,11,1.32,5,9.5,1.3,5,11,1.3,5.34,10.8,1.27,4.6,10,1.3,4.8,10.5,1.36,5.5,12.2,1.3,5,10.09,1.88,1.98,1.89,1.94,2.06,1.99,1.86,1.91,-1.5,2.02,1.83,2.02,1.83,2.06,1.88,1.97,1.82
G1,21/08/2022,18:30,Aris,Levadeiakos,3,0,H,2,0,H,10,9,6,4,14,18,6,3,1,3,0,0,1.44,4.33,8.5,1.41,4.5,7.5,1.43,4.4,8,1.38,4.65,8.16,1.36,4,8.5,1.4,4.2,8.5,1.44,4.8,9.4,1.4,4.39,7.87,1.98,1.88,2.02,1.8,2.03,1.9,1.95,1.81,-1.25,2,1.85,2.04,1.79,2.04,1.88,1.97,1.82,1.4,4.33,10,1.41,4.33,7.75,1.43,4.3,8.25,1.38,4.73,8.67,1.38,3.9,8.5,1.4,4.2,8.5,1.46,4.73,10,1.4,4.31,8.13,2.02,1.83,2.02,1.82,2.1,1.85,1.99,1.78,-1.25,1.98,1.88,2,1.86,2.05,1.91,1.97,1.84
G1,21/08/2022,20:00,Olympiakos,Giannina,2,0,H,0,0,D,12,8,4,3,8,6,6,2,0,0,0,0,1.28,6,8.5,1.26,5.75,11,1.27,5.75,10,1.24,6.14,10.99,1.24,4.8,12,1.25,5.25,12,1.3,6.62,12,1.25,5.63,10.5,1.75,2.05,1.76,2.04,1.82,2.08,1.76,2.02,-1.5,1.9,1.95,1.9,1.92,1.92,2.06,1.85,1.94,1.28,5.75,9,1.28,5.5,10,1.3,5.75,10,1.24,6.07,13.28,1.24,5,11,1.25,5.25,12,1.31,6.77,13.28,1.26,5.51,11.02,1.75,2.05,1.74,2.13,1.89,2.13,1.75,2.03,-1.5,1.85,2,1.79,2.06,1.92,2.06,1.85,1.96
G1,26/08/2022,19:30,Ionikos,Levadeiakos,0,0,D,0,0,D,12,13,4,2,19,18,6,2,3,2,0,0,2.1,3.2,3.75,2.1,3.1,3.5,2.1,3.2,3.7,2.09,3.29,3.79,2.05,3.1,3.5,2.1,3.1,3.7,2.15,3.34,3.8,2.09,3.18,3.61,2.2,1.65,2.24,1.67,2.38,1.7,2.23,1.62,-0.25,1.77,2.1,1.79,2.08,1.83,2.14,1.78,2.03,2.05,3.25,3.8,2,3.2,3.8,2.05,3.25,3.75,2.07,3.25,3.93,2,3,3.7,2.05,3.13,3.7,2.15,3.4,4.09,2.02,3.23,3.79,2.15,1.66,2.24,1.66,2.32,1.74,2.19,1.64,-0.5,2.05,1.8,2.07,1.8,2.11,1.88,2.02,1.78
G1,27/08/2022,18:00,Giannina,Lamia,1,1,D,1,0,H,12,11,3,5,14,22,6,8,2,4,0,0,1.9,3.25,4.5,1.98,3.1,4,1.95,3.2,4.4,1.92,3.2,4.7,1.91,3,4.2,1.93,3.1,4.4,2.05,3.3,4.7,1.92,3.15,4.29,2.5,1.5,2.53,1.53,2.55,1.55,2.47,1.5,-0.5,1.93,1.93,1.92,1.93,1.97,1.96,1.92,1.88,2,3.2,4.33,2,3.1,4,1.95,3.2,4.4,2.05,3,4.42,1.95,3,4,2,3.1,4,2.06,3.25,4.7,1.96,3.14,4.2,2.5,1.5,2.66,1.49,2.66,1.54,2.5,1.5,-0.5,2.02,1.83,2.05,1.81,2.08,1.91,1.96,1.84
G1,27/08/2022,19:30,AEK,Volos NFC,0,1,A,0,1,A,16,5,4,3,11,18,8,1,3,5,0,0,1.25,6,11,1.25,6,11,1.25,6,11,1.23,6.37,11.64,1.22,5,12,1.25,5.25,13,1.26,6.6,13,1.23,5.87,11.25,1.6,2.3,1.59,2.36,1.62,2.4,1.58,2.3,-1.75,1.95,1.9,1.96,1.87,1.98,1.94,1.93,1.86,1.28,6,9,1.28,5.75,9.5,1.27,6,10,1.27,6,10.72,1.24,5.25,10,1.25,5.5,11,1.31,6.6,13,1.25,5.81,10.32,1.57,2.35,1.6,2.37,1.61,2.44,1.56,2.35,-1.75,2.02,1.77,2.04,1.82,2.14,1.91,1.98,1.81
G1,28/08/2022,17:00,Panetolikos,Aris,3,1,H,1,1,D,9,14,3,5,14,13,1,4,2,1,1,0,4.33,3,2.05,3.9,3.1,2,4.2,3.05,2.05,4.3,3.25,1.93,3.9,3,1.95,4,3.1,2,4.75,3.32,2.05,4.05,3.13,1.98,2.4,1.53,2.28,1.62,2.4,1.62,2.31,1.58,0.5,1.88,1.98,1.88,1.93,1.89,2.05,1.83,1.97,5.25,3.2,1.83,4.6,3.25,1.82,5.25,3.25,1.8,5.15,3.2,1.85,4.5,3.1,1.8,4.75,3.2,1.83,5.31,3.38,1.9,4.82,3.19,1.82,2.4,1.53,2.44,1.57,2.53,1.59,2.38,1.55,0.5,2,1.85,2.01,1.85,2.09,1.89,1.99,1.82
G1,28/08/2022,19:00,OFI Crete,Panathinaikos,0,2,A,0,2,A,4,10,1,5,14,13,1,3,2,1,0,0,4.5,3.3,1.9,3.8,3.25,1.98,4.3,3.3,1.95,4.29,3.41,1.88,3.9,3.1,1.91,4.1,3.2,1.93,4.8,3.47,2,4.07,3.28,1.92,2.15,1.66,2.18,1.68,2.24,1.72,2.16,1.66,0.5,1.93,1.93,1.93,1.88,1.93,1.99,1.88,1.92,4,3.3,2,4,3.25,1.93,4.3,3.35,1.9,4.12,3.39,1.97,3.9,3.1,1.91,4.1,3.3,1.9,4.3,3.44,2.03,3.98,3.31,1.95,2.2,1.65,2.22,1.68,2.34,1.72,2.18,1.65,0.5,1.88,1.98,1.88,1.97,1.96,2.02,1.86,1.94
G1,28/08/2022,19:45,PAOK,Atromitos,2,1,H,1,0,H,14,6,4,4,12,17,8,3,1,4,0,1,1.53,3.8,7,1.49,4.1,6.5,1.53,4,6.75,1.45,4.31,7.04,1.44,3.8,7,1.45,4,7,1.53,4.4,7.04,1.47,4.12,6.62,1.95,1.9,1.96,1.84,1.98,1.93,1.92,1.84,-1,1.85,2,1.84,1.98,1.88,2.1,1.82,1.98,1.45,4,8,1.43,4.2,7.5,1.47,4.1,7.5,1.42,4.56,7.93,1.42,3.75,7.5,1.44,4,8,1.49,4.56,8.22,1.44,4.18,7.3,1.95,1.9,1.94,1.89,2.06,1.95,1.92,1.84,-1.25,2.02,1.83,2.05,1.81,2.14,1.88,2.03,1.78
G1,29/08/2022,17:00,Asteras Tripolis,Olympiakos,0,0,D,0,0,D,3,16,1,1,19,12,0,10,4,1,0,0,5,3.4,1.8,4.4,3.5,1.77,4.8,3.4,1.8,4.26,3.56,1.84,4.33,3.3,1.78,4.5,3.4,1.8,5,3.62,1.85,4.37,3.45,1.8,2.07,1.72,2.06,1.75,2.14,1.77,2.06,1.72,0.75,1.8,2.05,1.73,2.11,1.84,2.11,1.76,2.05,5.75,3.4,1.7,4.8,3.25,1.78,6,3.35,1.7,4.99,3.31,1.83,4.6,3.2,1.75,4.75,3.25,1.8,6.23,3.47,1.9,5.03,3.31,1.76,2.25,1.61,2.51,1.54,2.51,1.68,2.36,1.56,0.5,2.1,1.7,2.03,1.83,2.15,1.91,2.03,1.78
G1,03/09/2022,15:45,Lamia,Asteras Tripolis,0,0,D,0,0,D,12,9,4,3,0,0,5,3,0,1,0,0,3.2,3.1,2.4,3,3.1,2.35,3.15,3.1,2.4,3.14,3.07,2.5,3.1,2.88,2.35,3.2,2.9,2.4,3.2,3.13,2.5,3.07,3.04,2.4,2.5,1.5,2.51,1.54,2.55,1.56,2.46,1.51,0.25,1.8,2.05,1.77,2.12,1.84,2.12,1.77,2.03,2.8,3.1,2.7,2.85,2.9,2.65,3,3.05,2.55,2.9,2.97,2.76,2.8,2.8,2.6,2.9,2.9,2.6,3.15,3.15,2.78,2.85,2.98,2.61,2.5,1.5,2.54,1.53,2.66,1.54,2.5,1.5,0,1.95,1.9,1.97,1.88,2.12,1.98,1.98,1.83
G1,03/09/2022,17:00,Olympiakos,Ionikos,3,1,H,2,0,H,12,9,3,2,12,15,4,4,0,1,0,0,1.2,6.5,15,1.22,6.25,12.5,1.2,6.5,14,1.2,6.78,14.19,1.18,5.25,15,1.2,6,15,1.22,7,15,1.2,6.28,13.18,1.65,2.2,1.64,2.26,1.67,2.38,1.62,2.23,-1.75,1.85,2,1.91,1.93,1.94,2,1.86,1.93,1.36,5,8.5,1.36,4.8,8,1.37,5,8,1.28,5.51,11.07,1.3,4.4,9.5,1.3,4.75,10,1.37,7,15,1.3,5.16,9.55,1.66,2.15,1.69,2.19,1.72,2.22,1.66,2.16,-1.5,1.93,1.93,1.93,1.92,2.05,2.11,1.94,1.86
G1,03/09/2022,18:30,Panathinaikos,Levadeiakos,1,0,H,1,0,H,11,4,3,1,12,18,4,5,1,6,0,1,1.14,7,23,1.19,6.25,17,1.17,6.75,21,1.13,7.9,27.21,1.15,5.5,19,1.15,6.5,19,1.19,7.9,27.21,1.16,6.58,19.68,1.9,1.95,1.98,1.85,1.98,2.01,1.85,1.9,-1.75,1.75,2.13,1.83,2.01,1.92,2.15,1.77,2.03,1.16,6.5,19,1.16,7,21,1.2,6.25,17,1.16,6.85,24.02,1.12,5.8,23,1.14,6.5,23,1.2,7.5,26,1.16,6.5,20.84,1.9,1.95,1.94,1.88,2.06,1.95,1.93,1.83,-2,2.05,1.75,2.05,1.78,2.13,1.85,2.04,1.77
G1,04/09/2022,16:30,Atromitos,Panetolikos,1,1,D,0,1,A,13,5,3,1,11,15,9,2,2,4,0,0,1.9,3.3,4.5,1.95,3.25,3.9,1.9,3.3,4.4,1.98,3.19,4.17,1.91,3.1,3.9,1.93,3.2,4.1,2.01,3.44,4.5,1.94,3.24,4.06,2.1,1.7,2.15,1.69,2.17,1.75,2.1,1.69,-0.5,1.88,1.98,1.98,1.84,1.98,1.98,1.93,1.87,2.1,3.1,4,2.05,3.1,3.7,2.05,3.1,4,2.1,3.14,3.99,2.05,3,3.6,2.05,3.13,3.75,2.13,3.34,4.05,2.06,3.14,3.77,2.25,1.61,2.25,1.66,2.44,1.66,2.22,1.62,-0.5,2.05,1.75,2.09,1.77,2.09,1.86,2.04,1.76
G1,04/09/2022,17:00,Volos NFC,OFI Crete,0,1,A,0,1,A,13,4,1,1,16,14,5,2,2,4,0,1,1.9,3.4,4.2,1.9,3.4,3.9,1.95,3.4,4.1,1.81,3.69,4.27,1.85,3.3,3.9,1.9,3.4,4,1.95,3.77,4.3,1.86,3.5,4.01,1.93,1.93,1.84,1.96,1.98,1.97,1.87,1.89,-0.5,1.85,2,1.81,2.02,1.95,2.02,1.86,1.93,1.9,3.4,4.33,1.87,3.5,4,1.9,3.4,4.3,1.88,3.39,4.53,1.85,3.3,3.9,1.87,3.4,4.1,1.95,3.64,4.53,1.87,3.41,4.12,1.95,1.9,1.94,1.89,2,1.92,1.91,1.85,-0.5,1.9,1.95,1.88,1.97,1.94,1.98,1.87,1.92
G1,04/09/2022,19:30,AEK,Giannina,2,0,H,1,0,H,10,7,5,0,16,15,5,3,2,1,0,0,1.25,5.5,13,1.27,5.25,11.5,1.25,5.75,13,1.24,5.67,11.92,1.22,5,12,1.25,5,13,1.27,6,25,1.24,5.48,12.44,1.83,2.02,1.71,2.1,1.85,2.11,1.75,2.03,-1.5,1.83,2.02,1.75,2.06,1.87,2.08,1.79,2.01,1.25,5.5,13,1.24,6,12,1.25,5.75,12,1.24,5.87,12.78,1.2,5.25,13,1.22,5.5,13,1.26,6.05,20,1.23,5.64,12.32,1.7,2.1,1.71,2.14,1.73,2.2,1.68,2.12,-1.75,2,1.85,1.98,1.85,2.12,1.93,1.97,1.83
G1,04/09/2022,19:30,Aris,PAOK,0,0,D,0,0,D,14,7,3,2,12,25,9,5,4,3,1,1,2.5,3.25,2.9,2.6,3.1,2.75,2.5,3.2,2.9,2.54,2.99,3.06,2.38,3,2.9,2.45,3,3,2.6,3.25,3.1,2.47,3.09,2.93,2.25,1.61,2.31,1.6,2.34,1.66,2.25,1.61,0,1.77,2.1,1.74,2.11,1.81,2.17,1.74,2.08,2.4,3.2,3,2.4,3,3.1,2.4,3.15,3.05,2.43,3.03,3.3,2.35,2.9,3,2.38,3,3.1,2.55,3.2,3.3,2.4,3.03,3.08,2.4,1.53,2.48,1.55,2.56,1.58,2.4,1.54,-0.25,2.1,1.77,2.05,1.81,2.14,1.82,2.04,1.77
G1,10/09/2022,16:30,OFI Crete,Panetolikos,1,2,A,1,1,D,10,10,5,5,15,10,3,2,3,1,0,0,2.05,3.3,3.8,2.05,3.3,3.6,2.05,3.3,3.7,2.15,3.29,3.64,2,3,3.7,2.1,3.2,3.5,2.16,3.3,4,2.07,3.23,3.6,2.25,1.61,2.3,1.63,2.31,1.68,2.24,1.61,-0.25,1.8,2.05,1.83,2.02,1.84,2.13,1.78,2.02,2.25,3.2,3.3,2.25,3.2,3.2,2.25,3.2,3.3,2.36,3.06,3.4,2.2,2.9,3.3,2.3,3.1,3.2,2.36,3.25,3.52,2.26,3.08,3.3,2.25,1.61,2.33,1.62,2.43,1.64,2.27,1.59,-0.25,1.98,1.88,1.99,1.86,2.02,1.92,1.94,1.86
G1,10/09/2022,17:15,Giannina,Levadeiakos,2,1,H,1,1,D,15,7,7,3,12,14,4,1,1,3,0,0,2,3.3,4,2.05,3.2,3.7,2.05,3.25,3.9,2.07,3.27,3.9,2.05,3,3.6,2,3.1,3.9,2.11,3.3,4.4,2.04,3.18,3.78,2.4,1.53,2.46,1.56,2.55,1.57,2.41,1.53,-0.5,2.05,1.8,2.07,1.8,2.11,1.86,2.03,1.77,2,3.3,4,2.05,3.1,3.8,2.05,3.25,3.9,2.07,3.19,4.02,2,3,3.75,2,3.1,3.9,2.1,3.35,4.4,2.03,3.16,3.86,2.4,1.53,2.51,1.54,2.63,1.57,2.44,1.52,-0.5,2.05,1.8,2.07,1.8,2.09,1.85,2.03,1.77
G1,10/09/2022,19:30,Ionikos,Atromitos,1,4,A,1,0,H,13,11,6,10,13,8,3,0,3,2,0,0,2.25,3.2,3.4,2.3,3.2,3,2.3,3.2,3.3,2.35,3.19,3.16,2.3,2.9,3.1,2.38,3,3.2,2.4,3.25,3.4,2.32,3.15,3.11,2.3,1.6,2.24,1.64,2.38,1.64,2.27,1.6,-0.25,1.98,1.88,2.03,1.83,2.05,1.93,1.98,1.81,2.15,3.1,3.8,2.1,3.1,3.6,2.15,3.1,3.7,2.21,3,3.85,2.15,3,3.3,2.25,3,3.4,2.4,3.3,3.85,2.19,3.06,3.51,2.25,1.61,2.28,1.64,2.34,1.65,2.24,1.61,-0.25,1.8,2.05,1.86,1.99,2,2.11,1.85,1.95
G1,11/09/2022,16:30,Olympiakos,Volos NFC,1,1,D,0,1,A,18,5,4,1,12,7,7,2,4,1,0,0,1.25,6,11,1.25,5.5,11.5,1.25,5.75,12,1.27,5.38,11.05,1.24,4.75,12,1.25,5,12,1.29,6,13,1.26,5.38,10.96,1.72,2.07,1.79,2.01,1.8,2.13,1.74,2.04,-1.5,1.83,2.02,1.89,1.93,1.9,2.08,1.83,1.96,1.25,6,9.5,1.27,5.5,10.5,1.27,6,11,1.26,5.73,12.34,1.2,5.5,12,1.25,5,13,1.3,6.48,14.65,1.25,5.53,11.19,1.72,2.07,1.77,2.07,1.89,2.13,1.74,2.04,-1.5,1.83,2.02,1.85,2.01,1.89,2.05,1.82,1.98
G1,11/09/2022,19:30,Asteras Tripolis,Aris,0,2,A,0,1,A,18,8,6,5,10,10,10,1,1,2,0,1,2.9,3.1,2.6,2.85,3.1,2.5,2.9,3.1,2.6,3.03,2.95,2.6,2.88,2.9,2.45,2.9,3,2.55,3.09,3.2,2.6,2.92,2.99,2.52,2.4,1.53,2.45,1.54,2.55,1.57,2.41,1.53,0,2.05,1.8,2.07,1.77,2.11,1.82,2.04,1.76,3.5,3.2,2.2,3.5,3,2.15,3.5,3.15,2.2,3.78,3.08,2.2,3.5,3,2.1,3.6,3,2.15,3.78,3.25,2.25,3.56,3.06,2.16,2.5,1.5,2.49,1.55,2.63,1.55,2.49,1.5,0.25,2,1.85,2,1.85,2.06,1.9,1.97,1.83
G1,11/09/2022,19:30,Panathinaikos,AEK,2,1,H,2,1,H,12,10,5,3,12,16,5,2,3,3,0,0,2.25,3.2,3.4,2.25,3.1,3.2,2.3,3.15,3.3,2.25,3.07,3.51,2.25,2.88,3.25,2.25,3,3.4,2.3,3.2,3.56,2.24,3.06,3.33,2.4,1.53,2.42,1.56,2.55,1.59,2.38,1.55,-0.25,1.98,1.88,1.9,1.92,2,1.93,1.92,1.87,2.25,3.2,3.4,2.3,2.95,3.3,2.25,3.15,3.4,2.45,2.87,3.48,2.25,2.9,3.2,2.4,2.9,3.2,2.46,3.25,3.75,2.33,2.96,3.32,2.4,1.53,2.65,1.49,2.7,1.54,2.56,1.48,-0.25,1.98,1.88,2.04,1.82,2.08,1.91,1.99,1.82
G1,12/09/2022,17:00,PAOK,Lamia,1,0,H,1,0,H,13,6,3,3,14,11,6,3,2,2,0,1,1.22,6.5,13,1.24,5.5,13.5,1.25,6,13,1.18,6.66,14.27,1.2,5,15,1.22,5.5,13,1.25,7,15,1.21,5.95,13.32,1.9,1.95,1.93,1.87,2,1.98,1.88,1.88,-1.75,2.02,1.83,2.05,1.76,2.06,1.91,2,1.79,1.4,4.75,8,1.36,4.6,8.5,1.37,4.9,8.25,1.37,4.74,8.97,1.33,4.2,9,1.36,4.4,9,1.4,5.11,10,1.36,4.59,8.57,2.05,1.75,2.07,1.77,2.08,1.9,1.99,1.78,-1.25,1.98,1.88,1.95,1.9,2.06,2.02,1.9,1.9
G1,17/09/2022,18:00,Atromitos,Lamia,0,0,D,0,0,D,14,9,1,3,7,19,6,1,2,3,0,0,1.9,3.4,4.5,1.83,3.3,4.4,1.9,3.35,4.3,1.85,3.44,4.65,1.85,3.1,4.2,1.85,3.2,4.5,1.96,3.45,5,1.86,3.3,4.37,2.3,1.6,2.38,1.59,2.43,1.63,2.32,1.57,-0.5,1.83,2.02,1.85,2.01,1.9,2.07,1.84,1.95,1.95,3.25,4.5,1.9,3.1,4.4,1.9,3.25,4.6,1.97,3.01,4.82,1.88,3,4.2,1.87,3.2,4.4,2,3.3,5,1.89,3.17,4.47,2.5,1.5,2.58,1.51,2.63,1.57,2.46,1.52,-0.5,1.98,1.88,1.97,1.88,2,2.02,1.89,1.91
G1,17/09/2022,18:00,Panetolikos,AEK,0,2,A,0,0,D,6,18,0,4,13,19,0,7,2,3,0,0,6,3.6,1.65,5,3.6,1.68,5.75,3.55,1.67,5.42,3.87,1.62,5.25,3.5,1.6,5.5,3.5,1.65,6,3.94,1.75,5.36,3.63,1.64,2.07,1.72,2.01,1.83,2.13,1.83,2.03,1.74,0.75,2,1.85,2.05,1.81,2.05,1.92,1.97,1.82,5,3.6,1.72,4.75,3.5,1.73,4.9,3.6,1.73,5.17,3.57,1.74,4.8,3.3,1.7,5,3.4,1.73,5.7,3.67,1.77,4.94,3.51,1.72,2.1,1.7,2.17,1.7,2.32,1.76,2.1,1.7,0.75,1.88,1.98,1.88,1.98,1.89,2.03,1.86,1.94
G1,17/09/2022,19:30,Panathinaikos,Giannina,3,0,H,1,0,H,15,9,6,3,14,13,7,3,0,3,0,0,1.28,5.25,13,1.27,5.25,12.5,1.27,5.25,13,1.26,5.43,13.43,1.22,4.8,13,1.25,5,15,1.28,5.5,17.3,1.25,5.17,12.65,1.98,1.88,1.94,1.89,2.03,1.95,1.91,1.85,-1.5,1.85,2,1.88,1.97,1.92,2.07,1.84,1.94,1.36,4.75,10,1.32,4.8,10,1.35,4.7,10,1.33,4.76,11.55,1.3,4.33,10,1.33,4.6,10,1.36,5.2,17.3,1.32,4.74,10.51,2.05,1.8,2.05,1.79,2.1,1.86,1.98,1.79,-1.5,2.02,1.77,2.09,1.77,2.13,1.87,2.02,1.78
G1,18/09/2022,16:00,Levadeiakos,Asteras Tripolis,1,1,D,0,0,D,9,12,4,5,15,16,0,3,3,1,0,0,2.8,3.1,2.62,2.87,3.1,2.45,2.85,3.1,2.6,2.85,3.11,2.61,2.8,3,2.45,2.88,3,2.55,3,3.2,2.65,2.83,3.07,2.54,2.3,1.6,2.42,1.56,2.55,1.6,2.36,1.56,0,2.02,1.83,2,1.83,2.08,1.86,2,1.8,3,3.1,2.6,2.9,2.95,2.55,2.95,3.05,2.55,3.08,2.93,2.65,2.88,2.88,2.45,2.9,3,2.5,3.09,3.13,2.65,2.96,2.98,2.55,2.5,1.5,2.5,1.55,2.63,1.57,2.44,1.52,0,2.1,1.77,2.09,1.79,2.14,1.79,2.06,1.76
G1,18/09/2022,17:00,OFI Crete,PAOK,1,1,D,0,1,A,11,15,4,5,13,15,2,13,2,3,0,0,4.75,3.25,1.85,4.4,3.3,1.85,4.6,3.3,1.85,4.26,3.51,1.85,4.33,3.2,1.8,4.5,3.2,1.85,4.75,3.58,1.88,4.33,3.35,1.84,2.2,1.65,2.13,1.7,2.2,1.81,2.13,1.67,0.5,2,1.85,1.96,1.85,2.04,1.91,1.94,1.84,5,3.6,1.75,5,3.5,1.72,4.9,3.55,1.75,4.97,3.46,1.79,4.75,3.3,1.7,4.8,3.5,1.73,5.7,3.64,1.79,4.87,3.5,1.73,2.15,1.66,2.2,1.69,2.26,1.74,2.15,1.67,0.75,1.83,2.02,1.81,2.06,1.91,2.07,1.83,1.97
G1,18/09/2022,18:00,Aris,Olympiakos,2,1,H,0,1,A,12,6,3,2,8,17,7,2,3,0,0,0,3.5,3.3,2.15,3.5,3.25,2.1,3.5,3.3,2.15,3.79,3.28,2.05,3.6,3.1,2,,,,4.05,3.45,2.17,3.56,3.27,2.07,2.15,1.66,2.24,1.64,2.25,1.75,2.16,1.66,0.25,2,1.85,2.08,1.75,2.09,1.85,2.02,1.78,4,3.3,2,3.9,3.1,2,4.3,3.2,1.95,4.09,3.33,2,3.9,3,1.95,4,3.25,1.95,4.45,3.4,2.07,4.02,3.22,1.96,2.25,1.61,2.31,1.63,2.45,1.64,2.29,1.59,0.5,1.85,2,1.86,2,1.89,2.07,1.84,1.95
G1,18/09/2022,19:00,Volos NFC,Ionikos,2,0,H,1,0,H,10,8,3,3,17,17,2,3,2,3,0,0,2,3.3,4,2,3.3,3.6,2.05,3.25,3.9,1.99,3.35,3.89,1.95,3.2,3.6,2,3.3,3.7,2.05,3.52,4.15,1.99,3.31,3.75,2.1,1.7,2,1.81,2.14,1.81,2.03,1.75,-0.5,2.02,1.83,1.99,1.83,2.05,1.88,1.99,1.8,2,3.25,4.2,1.93,3.25,4,1.95,3.3,4.3,2.02,3.2,4.19,1.91,3.1,4,1.93,3.2,4.1,2.03,3.37,4.42,1.96,3.22,4.07,2.25,1.61,2.27,1.65,2.43,1.72,2.21,1.64,-0.5,2,1.85,2.02,1.84,2.04,1.92,1.96,1.84
G1,01/10/2022,17:30,Lamia,Levadeiakos,1,0,H,0,0,D,15,8,3,2,18,15,12,3,4,3,0,0,2.15,3.2,3.6,2.2,3,3.5,2.2,3.05,3.7,2.19,3.14,3.7,2.2,2.88,3.4,2.15,3,3.6,2.28,3.2,3.7,2.17,3.07,3.52,2.5,1.5,2.59,1.51,2.63,1.52,2.53,1.49,-0.25,1.85,2,1.86,2,1.89,2.06,1.84,1.95,2.05,3.25,3.8,2,3,4,2.05,3.1,4,2.1,2.99,4.06,2,3,3.75,2.05,3,4,2.15,3.32,4.1,2.06,3.06,3.89,2.6,1.47,2.61,1.51,2.82,1.53,2.56,1.48,-0.5,2.1,1.77,2.1,1.78,2.14,1.84,2.04,1.77
G1,02/10/2022,13:00,Asteras Tripolis,OFI Crete,2,0,H,2,0,H,9,11,4,3,7,15,3,3,1,1,0,0,1.85,3.4,4.5,1.9,3.3,4,1.9,3.35,4.3,1.86,3.44,4.34,1.88,3.1,4,1.9,3.13,4.4,1.95,3.47,4.5,1.88,3.33,4.17,2.3,1.6,2.29,1.62,2.38,1.63,2.28,1.59,-0.5,1.88,1.98,1.88,1.98,1.94,2.02,1.86,1.92,2,3.3,4,1.95,3.2,3.9,1.95,3.35,4.2,2.01,3.19,4.26,1.95,3.1,3.8,1.95,3.25,4,2.05,3.39,4.45,1.97,3.24,3.97,2.35,1.57,2.37,1.6,2.44,1.63,2.29,1.58,-0.5,2,1.85,2.01,1.85,2.05,1.92,1.97,1.83
G1,02/10/2022,14:00,Olympiakos,Atromitos,2,0,H,1,0,H,15,5,7,2,21,16,3,4,1,4,0,0,1.33,4.5,10,1.32,5,9.75,1.33,4.9,10,1.33,4.97,10.19,1.27,4.5,11,1.3,4.75,11,1.34,5.5,11.3,1.3,4.96,10.06,1.88,1.98,1.9,1.93,1.92,2.05,1.83,1.94,-1.5,2.05,1.8,2.1,1.76,2.11,1.88,1.97,1.82,1.33,4.5,9.5,1.35,4.75,8.75,1.33,4.9,9.5,1.33,5.03,10.16,1.3,4.4,9.5,1.33,4.8,9.5,1.37,5.1,11.3,1.32,4.81,9.39,1.85,2,1.84,2,1.97,2.02,1.82,1.95,-1.5,2.02,1.77,2.07,1.81,2.12,1.85,2,1.79
G1,02/10/2022,17:30,Volos NFC,Aris,2,0,H,2,0,H,9,16,4,4,18,15,4,8,5,3,1,0,3.6,3.4,2.1,3.3,3.25,2.15,3.5,3.35,2.15,3.6,3.23,2.14,3.4,3,2.1,3.6,3.1,2.1,3.75,3.4,2.21,3.43,3.24,2.12,2.25,1.61,2.23,1.65,2.3,1.67,2.24,1.61,0.25,2.05,1.8,2,1.83,2.05,1.93,1.96,1.83,4.2,3.6,1.9,3.9,3.25,1.95,3.9,3.4,1.95,4.35,3.34,1.93,3.9,3.1,1.91,3.75,3.13,2,4.4,3.61,2.12,3.95,3.3,1.95,2.2,1.65,2.25,1.66,2.34,1.66,2.25,1.61,0.5,1.93,1.93,1.92,1.93,1.93,2.12,1.85,1.94
G1,02/10/2022,19:30,PAOK,Panathinaikos,1,2,A,1,0,H,12,7,3,5,14,17,4,4,3,2,0,0,2.5,3.2,2.9,2.5,3,2.9,2.5,3.1,3,2.6,2.91,3.07,2.45,2.88,2.9,2.5,3,2.9,2.63,3.2,3.07,2.5,3.01,2.95,2.5,1.5,2.48,1.53,2.55,1.57,2.47,1.51,0,1.77,2.1,1.76,2.09,1.82,2.15,1.75,2.06,2.3,3,3.6,2.35,2.9,3.3,2.4,2.95,3.35,2.37,2.84,3.69,2.25,2.8,3.3,2.38,2.8,3.4,2.45,3.05,3.7,2.35,2.84,3.44,2.87,1.4,2.72,1.4,3.01,1.48,2.8,1.41,-0.25,1.95,1.9,1.98,1.88,2,1.93,1.95,1.84
G1,03/10/2022,16:00,Giannina,Panetolikos,1,4,A,1,2,A,18,12,3,5,19,17,6,2,3,3,0,0,2.3,3.1,3.4,2.3,3.1,3.2,2.3,3.1,3.4,2.32,3.08,3.35,2.3,2.9,3.1,2.3,3,3.3,2.35,3.18,3.4,2.28,3.04,3.25,2.25,1.61,2.45,1.54,2.5,1.64,2.37,1.56,-0.25,2,1.85,1.96,1.85,2.03,1.91,1.94,1.84,2.15,3.1,3.8,2.2,3,3.5,2.25,3.05,3.5,2.2,3.03,3.83,2.2,2.8,3.5,2.2,3,3.5,2.35,3.13,3.83,2.23,2.99,3.51,2.6,1.47,2.59,1.51,2.6,1.55,2.49,1.5,-0.25,1.83,2.02,1.85,2,1.96,2.06,1.87,1.93
G1,03/10/2022,18:00,AEK,Ionikos,4,1,H,2,0,H,27,5,8,2,12,13,12,0,0,1,0,0,1.2,6,15,1.21,6,15,1.2,6.25,14,1.18,6.62,14.3,1.18,5.5,15,1.2,6,15,1.21,7,17,1.19,6.26,13.46,1.65,2.2,1.64,2.22,1.68,2.35,1.63,2.22,-1.75,1.85,2,1.79,2.03,1.9,2.03,1.81,1.98,1.22,6,15,1.23,6,12.5,1.22,6,14,1.21,6.22,15.13,1.18,5.25,15,1.2,5.75,15,1.23,6.5,18,1.21,5.92,13.74,1.7,2.1,1.73,2.11,1.85,2.23,1.7,2.1,-1.75,1.95,1.9,1.94,1.89,1.99,1.95,1.91,1.88
G1,08/10/2022,15:00,Panetolikos,Volos NFC,2,3,A,2,2,D,7,15,5,7,12,13,2,8,1,2,1,0,2.15,3.25,3.5,2.15,3.2,3.4,2.15,3.25,3.5,2.19,3.11,3.75,2.1,3,3.5,2.15,3,3.6,2.19,3.25,3.77,2.14,3.15,3.52,2.4,1.53,2.37,1.6,2.45,1.61,2.36,1.56,-0.25,1.85,2,1.85,2,1.86,2.06,1.83,1.98,2.25,3.4,3.2,2.3,3.2,3.1,2.4,3.3,3,2.34,3.22,3.26,2.25,3,3.1,2.3,3.1,3.2,2.45,3.4,3.55,2.29,3.2,3.13,2.1,1.7,2.14,1.72,2.4,1.73,2.15,1.67,-0.25,1.95,1.9,2,1.86,2.1,1.97,1.97,1.84
G1,08/10/2022,17:30,Ionikos,Lamia,1,1,D,0,1,A,18,6,8,3,10,17,7,2,4,5,0,0,2.25,3.1,3.4,2.25,3.1,3.25,2.25,3.15,3.35,2.34,3.13,3.35,2.2,3,3.2,2.3,3,3.3,2.34,3.2,3.4,2.26,3.12,3.26,2.4,1.53,2.45,1.56,2.55,1.59,2.39,1.55,-0.25,1.95,1.9,1.99,1.87,1.99,1.95,1.93,1.87,2.37,3.1,3.3,2.35,2.95,3.2,2.35,3.05,3.3,2.43,3.02,3.31,2.3,2.9,3.1,2.38,3,3.13,2.43,3.15,3.4,2.34,3.01,3.22,2.5,1.5,2.5,1.54,2.56,1.56,2.45,1.52,-0.25,2.05,1.8,2.05,1.81,2.11,1.85,2.01,1.8
G1,09/10/2022,14:00,OFI Crete,Olympiakos,1,2,A,1,0,H,9,14,3,6,15,10,3,3,3,1,0,0,8,4.2,1.44,6,4.1,1.52,7.5,4.3,1.45,7.04,4.14,1.5,6.5,3.75,1.47,7.5,4,1.45,8,4.3,1.53,6.62,4.1,1.48,1.93,1.93,1.99,1.85,2,1.93,1.93,1.85,1,2.15,1.68,1.98,1.87,2.15,1.96,1.97,1.85,7,3.8,1.57,5.75,3.8,1.58,6.25,3.75,1.6,6.42,3.86,1.57,6.5,3.5,1.52,6.5,3.7,1.53,7.25,4.15,1.6,6.21,3.79,1.55,2.07,1.72,2.11,1.75,2.26,1.8,2.09,1.71,1,1.85,2,1.82,2.05,1.89,2.05,1.82,1.99
G1,09/10/2022,14:30,Levadeiakos,PAOK,1,1,D,0,0,D,10,13,3,4,15,15,3,9,2,1,0,1,5.5,3.8,1.66,5.5,3.7,1.63,5.5,3.7,1.65,5.55,3.51,1.71,5.25,3.25,1.65,5.5,3.5,1.65,5.6,3.8,1.72,5.25,3.58,1.67,2.2,1.65,2.33,1.62,2.33,1.74,2.22,1.64,0.75,1.93,1.93,1.91,1.94,1.98,1.95,1.92,1.89,5.25,3.75,1.72,5,3.5,1.7,5,3.6,1.73,5.46,3.55,1.71,5,3.3,1.67,5.25,3.5,1.67,5.46,3.75,1.8,5.03,3.52,1.71,2.15,1.66,2.16,1.71,2.33,1.72,2.16,1.67,0.75,1.95,1.9,1.92,1.93,1.99,1.97,1.88,1.92
G1,09/10/2022,17:30,Panathinaikos,Asteras Tripolis,1,0,H,0,0,D,19,4,6,2,14,16,4,3,1,5,0,1,1.44,4,9,1.41,4.33,7.75,1.43,4.1,8.5,1.41,4.2,8.73,1.36,3.9,9,1.4,4,9,1.44,4.33,9.1,1.41,4.17,8.34,2.1,1.7,2.2,1.66,2.2,1.75,2.13,1.68,-1.25,2.05,1.8,2.04,1.79,2.08,1.84,2.01,1.8,1.45,4,9,1.42,4.2,8,1.43,4.1,8.5,1.44,4.1,8.88,1.36,4,8.5,1.4,4,9,1.45,4.5,9.5,1.41,4.13,8.37,2.25,1.61,2.24,1.67,2.28,1.79,2.18,1.66,-1.25,2.1,1.77,2.1,1.76,2.12,1.88,2.03,1.78
G1,09/10/2022,19:15,Aris,AEK,0,2,A,0,1,A,10,17,1,7,19,24,8,3,1,3,0,0,2.87,3.1,2.62,2.75,3.1,2.6,2.85,3.1,2.6,2.89,3.14,2.56,2.7,3,2.55,2.8,3,2.6,2.91,3.19,2.63,2.8,3.08,2.57,2.4,1.53,2.3,1.61,2.45,1.62,2.34,1.57,0,2.02,1.83,2.03,1.8,2.03,1.89,1.99,1.83,2.75,3.2,2.7,2.65,3.2,2.6,2.75,3.15,2.65,2.72,3.18,2.77,2.62,3.1,2.5,2.75,3,2.63,3.05,3.3,2.77,2.72,3.12,2.64,2.1,1.7,2.14,1.72,2.38,1.73,2.17,1.66,0,1.93,1.93,1.91,1.94,1.99,1.97,1.92,1.88
G1,10/10/2022,16:00,Atromitos,Giannina,2,1,H,0,0,D,13,8,4,2,14,10,6,4,4,1,0,0,1.8,3.25,5.5,1.8,3.3,4.6,1.8,3.25,5.25,1.79,3.47,4.7,1.75,3.2,4.6,1.8,3.2,4.8,1.84,3.52,5.5,1.8,3.33,4.66,2.4,1.53,2.38,1.57,2.5,1.61,2.39,1.54,-0.5,1.8,2.05,1.79,2.04,1.85,2.07,1.8,2,1.95,3.1,4.75,1.95,3.2,4,1.95,3.1,4.5,1.92,3.18,4.73,1.91,3.1,4,1.95,3.1,4.2,2,3.34,4.75,1.93,3.18,4.25,2.4,1.53,2.49,1.55,2.55,1.58,2.42,1.54,-0.5,1.93,1.93,1.92,1.93,1.97,1.99,1.92,1.88
G1,15/10/2022,15:00,Volos NFC,Levadeiakos,2,1,H,0,0,D,18,9,5,8,13,14,11,10,3,0,0,0,1.75,3.4,5.25,1.75,3.4,4.75,1.77,3.4,5,1.79,3.35,5.27,1.75,3.25,4.5,1.75,3.4,4.75,1.84,3.58,5.3,1.77,3.39,4.78,2.1,1.7,2.11,1.74,2.16,1.76,2.1,1.7,-0.75,2.05,1.8,2.04,1.82,2.09,1.83,2.02,1.79,1.61,3.6,6,1.66,3.6,5,1.73,3.45,5.25,1.69,3.56,5.61,1.63,3.4,5.25,1.65,3.5,5.5,1.8,3.78,6,1.68,3.55,5.27,2.07,1.72,2.09,1.76,2.14,1.8,2.06,1.74,-0.75,1.83,2.02,1.91,1.94,1.95,2.05,1.87,1.93
G1,15/10/2022,18:30,Aris,Ionikos,2,1,H,0,1,A,15,9,4,6,10,18,6,3,1,2,0,0,1.4,4.75,8,1.4,4.4,7.75,1.4,4.6,8,1.4,4.5,8.83,1.36,4,8.5,1.36,4.33,8.5,1.4,4.75,8.9,1.38,4.42,8.2,2.05,1.75,2.07,1.78,2.15,1.84,2.05,1.74,-1.25,2,1.85,2,1.86,2.01,1.91,1.95,1.85,1.4,5,7.5,1.4,4.4,7.75,1.45,4.4,7,1.39,4.68,8.48,1.35,4.33,8,1.36,4.5,8.5,1.45,5,9.2,1.39,4.55,7.83,1.95,1.9,1.91,1.93,2.02,1.95,1.9,1.86,-1.25,1.98,1.88,1.96,1.89,2.03,1.9,1.93,1.87
G1,16/10/2022,14:00,AEK,Atromitos,1,0,H,0,0,D,26,8,13,4,15,9,14,2,2,4,0,0,1.3,5.5,10,1.28,5.25,11,1.3,5.5,11,1.26,5.72,10.29,1.24,4.75,12,1.29,4.75,13,1.31,5.9,13,1.28,5.3,10.42,1.88,1.98,1.82,1.99,1.92,2,1.84,1.94,-1.5,1.93,1.93,1.96,1.85,1.97,1.98,1.9,1.9,1.3,6,8,1.3,5,10,1.3,5.75,9,1.27,5.62,11.7,1.24,5.25,10,1.25,5.25,10.5,1.31,6.02,12,1.28,5.37,10.04,1.75,2.05,1.77,2.08,1.85,2.16,1.75,2.03,-1.5,1.93,1.93,1.93,1.92,1.96,1.99,1.89,1.91
G1,16/10/2022,16:00,Giannina,OFI Crete,2,2,D,1,0,H,11,12,4,3,16,16,4,1,1,0,0,0,2.25,3.2,3.4,2.2,3.25,3.2,2.25,3.2,3.4,2.24,3.19,3.38,2.2,3,3.2,2.25,3.1,3.3,2.26,3.28,3.41,2.22,3.17,3.29,2.2,1.65,2.21,1.65,2.3,1.66,2.21,1.63,-0.25,1.93,1.93,1.91,1.91,1.96,1.96,1.89,1.89,2.1,3.25,3.75,2.1,3.1,3.5,2.25,3.2,3.4,2.18,3.09,3.82,2.15,3,3.3,2.1,3.1,3.6,2.3,3.32,3.85,2.16,3.13,3.51,2.25,1.61,2.3,1.63,2.31,1.65,2.23,1.61,-0.25,1.83,2.02,1.84,2.02,1.88,2.09,1.83,1.98
G1,16/10/2022,17:30,Lamia,Panathinaikos,0,2,A,0,1,A,4,9,0,4,11,13,2,7,2,1,0,0,6,3.5,1.66,6.25,3.4,1.62,6,3.55,1.65,6.13,3.42,1.65,6,3.2,1.6,6.5,3.4,1.62,6.5,3.55,1.67,5.92,3.44,1.63,2.5,1.5,2.53,1.51,2.63,1.54,2.5,1.5,0.75,2,1.85,1.95,1.87,2.05,1.87,1.95,1.84,4.75,3.1,1.95,4.75,3,1.9,4.9,3.15,1.85,5.2,3.01,1.92,4.6,2.9,1.85,4.75,3.1,1.85,5.4,3.2,1.98,4.84,3.05,1.88,2.87,1.4,2.89,1.41,2.91,1.46,2.76,1.42,0.5,1.9,1.95,1.93,1.92,2.07,1.99,1.92,1.88
G1,16/10/2022,18:30,Asteras Tripolis,Panetolikos,0,0,D,0,0,D,8,3,0,2,18,11,1,2,3,3,0,0,1.85,3.5,4.5,1.9,3.3,4,1.9,3.4,4.4,1.81,3.38,4.78,1.85,3.1,4.2,1.85,3.2,4.5,1.92,3.5,4.8,1.85,3.33,4.35,2.3,1.6,2.3,1.61,2.38,1.62,2.29,1.59,-0.5,1.85,2,1.81,2.03,1.92,2.03,1.85,1.94,1.95,3.4,4.2,1.9,3.25,4.1,1.95,3.35,4.1,1.97,3.2,4.4,1.91,3.1,3.9,1.93,3.2,4.1,2.02,3.4,4.5,1.95,3.23,4.07,2.4,1.53,2.45,1.56,2.46,1.59,2.36,1.55,-0.5,1.98,1.88,1.97,1.88,2.03,1.9,1.95,1.85
G1,17/10/2022,18:00,Olympiakos,PAOK,1,2,A,1,1,D,17,7,3,1,13,14,5,4,0,5,0,0,1.75,3.4,5.5,1.78,3.4,4.5,1.75,3.5,5,1.71,3.72,4.83,1.73,3.2,4.8,1.75,3.3,5,1.8,3.76,5.5,1.75,3.45,4.76,2.25,1.61,2.18,1.68,2.29,1.69,2.22,1.63,-0.75,2,1.85,1.96,1.85,2.07,1.86,1.99,1.81,1.8,3.3,5.25,1.8,3.3,4.6,1.8,3.5,4.7,1.78,3.41,5.17,1.75,3.2,4.6,1.8,3.3,4.75,1.84,3.5,5.34,1.77,3.35,4.87,2.25,1.61,2.3,1.62,2.33,1.69,2.26,1.61,-0.5,1.8,2,1.76,2.09,1.85,2.1,1.77,2.04
G1,22/10/2022,17:00,Atromitos,Volos NFC,0,2,A,0,1,A,13,8,5,4,8,15,6,4,2,2,0,0,2.25,3.4,3.2,2.25,3.25,3.1,2.25,3.35,3.2,2.34,3.28,3.21,2.25,3,3.1,2.3,3.1,3.2,2.34,3.4,3.6,2.27,3.22,3.17,2.1,1.7,2.11,1.74,2.17,1.75,2.1,1.7,-0.25,2,1.85,2,1.85,2.07,1.93,1.95,1.85,2.37,3.3,3.1,2.37,3.25,2.9,2.35,3.25,3.05,2.42,3.23,3.1,2.35,3,2.9,2.38,3.25,2.9,2.51,3.3,3.13,2.38,3.2,2.99,2.1,1.7,2.11,1.75,2.26,1.77,2.09,1.71,-0.25,2.05,1.8,2.07,1.8,2.16,1.86,2.04,1.77
G1,22/10/2022,17:30,Panetolikos,Olympiakos,0,2,A,0,0,D,5,16,0,3,8,8,2,5,0,0,0,0,5.5,4.33,1.55,5.75,4,1.55,5.75,4.2,1.55,6.14,3.92,1.58,6,3.5,1.53,6.5,3.8,1.53,6.7,4.33,1.6,5.83,3.94,1.55,2.05,1.8,2.05,1.79,2.11,1.84,2.02,1.77,1,1.83,2.02,1.83,2.04,1.88,2.07,1.81,1.98,6.5,4.2,1.5,6.5,4.2,1.49,6.5,4.1,1.53,7.63,4.24,1.46,7,3.75,1.44,7,4,1.45,7.63,4.24,1.53,6.79,4.09,1.48,2.05,1.75,2.03,1.82,2.16,1.83,2.03,1.75,1,1.95,1.9,2.09,1.79,2.09,1.92,1.95,1.85
G1,23/10/2022,14:00,Ionikos,Giannina,2,2,D,2,0,H,11,12,4,6,17,19,4,2,1,2,0,0,2.15,3.2,3.6,2.15,3.2,3.4,2.15,3.2,3.55,2.18,3.25,3.47,2.1,3,3.4,2.15,3.1,3.5,2.2,3.3,3.65,2.14,3.2,3.44,2.25,1.61,2.26,1.63,2.3,1.68,2.24,1.62,-0.25,1.88,1.98,1.88,1.98,1.9,2.02,1.84,1.95,1.83,3.5,4.75,1.83,3.3,4.4,1.95,3.35,4.2,1.81,3.34,5.13,1.88,3.1,4,1.91,3.13,4.1,2,3.5,5.13,1.88,3.29,4.35,2.15,1.66,2.17,1.7,2.28,1.7,2.19,1.64,-0.5,1.8,2.05,1.81,2.06,1.98,2.07,1.86,1.93
G1,23/10/2022,17:30,Panathinaikos,Aris,1,0,H,0,0,D,12,5,3,1,11,16,3,2,4,5,0,1,1.85,3.25,5,1.85,3.3,4.4,1.85,3.25,4.8,1.81,3.39,4.76,1.78,3.2,4.5,1.83,3.2,4.75,1.88,3.48,5.1,1.82,3.29,4.6,2.3,1.6,2.27,1.63,2.38,1.64,2.29,1.59,-0.5,1.8,2.05,1.81,2.02,1.88,2.12,1.81,1.98,1.75,3.3,5.5,1.71,3.2,5.75,1.75,3.3,5.5,1.72,3.29,6.06,1.7,3.1,5.25,1.73,3.2,5.5,1.75,3.45,6.06,1.72,3.26,5.55,2.7,1.44,2.74,1.47,2.9,1.64,2.65,1.46,-0.75,2,1.85,1.99,1.86,2.02,1.92,1.97,1.83
G1,23/10/2022,17:30,PAOK,Asteras Tripolis,2,2,D,0,1,A,19,9,6,4,8,11,6,3,2,6,0,0,1.5,4,7.5,1.5,3.9,6.75,1.5,3.95,7.25,1.46,4.03,7.61,1.44,3.7,7.5,1.5,3.8,7.5,1.5,4.1,9,1.47,3.96,7.16,2.1,1.7,2.13,1.7,2.25,1.76,2.13,1.68,-1,1.88,1.98,1.88,1.93,1.91,2.06,1.86,1.93,1.36,4.33,11,1.37,4.4,8.75,1.37,4.4,11,1.36,4.42,10.99,1.32,4,11,1.36,4,11,1.4,4.6,11,1.36,4.29,9.9,2.1,1.7,2.17,1.71,2.26,1.74,2.16,1.66,-1.25,1.9,1.95,1.92,1.93,1.98,2.01,1.89,1.92
G1,24/10/2022,16:00,Levadeiakos,AEK,0,2,A,0,0,D,6,15,2,4,13,20,2,4,3,2,0,0,8,4.2,1.44,6.5,4.2,1.47,8,4.3,1.43,8.14,4.34,1.41,8.5,3.9,1.38,8.5,4.2,1.4,9.6,4.5,1.44,7.76,4.29,1.41,2,1.85,1.99,1.82,2.04,1.89,1.96,1.81,1.25,1.83,2.02,1.86,1.96,1.86,2.08,1.82,1.98,11,5.5,1.3,9.75,5.25,1.29,9.5,5.25,1.33,11.19,5.25,1.3,10,4.6,1.27,10,4.33,1.3,11.19,5.5,1.33,9.97,5.03,1.3,1.72,2.07,1.76,2.09,1.82,2.16,1.76,2.02,1.5,1.93,1.93,1.94,1.91,1.97,2,1.88,1.91
G1,24/10/2022,18:00,OFI Crete,Lamia,0,0,D,0,0,D,13,13,2,5,19,12,5,5,2,3,0,0,2.15,3.2,3.4,2.2,3.2,3.3,2.2,3.2,3.45,2.18,3.14,3.59,2.15,3,3.3,2.2,3,3.5,2.2,3.25,3.63,2.17,3.13,3.4,2.25,1.61,2.41,1.56,2.43,1.65,2.33,1.57,-0.25,1.93,1.93,1.85,1.97,1.93,2.01,1.86,1.93,2.37,3.3,3.1,2.35,3,3.2,2.25,3.25,3.25,2.31,3.16,3.39,2.25,3,3.1,2.2,3.25,3.2,2.37,3.36,3.88,2.24,3.15,3.32,2.25,1.61,2.3,1.63,2.36,1.66,2.26,1.61,-0.25,1.98,1.88,1.96,1.89,2.03,2.18,1.92,1.89
G1,29/10/2022,15:00,Ionikos,Panetolikos,1,1,D,1,1,D,15,12,2,4,14,22,2,4,3,1,0,0,2.05,3.3,3.8,2.05,3.25,3.5,2.1,3.3,3.65,2.14,3.27,3.69,2.05,3.1,3.4,2.05,3.2,3.6,2.15,3.34,3.8,2.08,3.25,3.54,2.2,1.65,2.26,1.65,2.26,1.73,2.18,1.66,-0.25,1.8,2.05,1.83,2.04,1.84,2.12,1.8,2.01,2.05,3.3,3.8,2,3.2,3.75,1.97,3.3,4,2.02,3.27,4.07,1.95,3.1,3.75,2,3.25,3.8,2.3,3.4,4.07,2.02,3.26,3.74,2.25,1.61,2.25,1.66,2.29,1.68,2.23,1.62,-0.5,2.02,1.83,2.02,1.84,2.05,1.9,2,1.81
G1,29/10/2022,17:30,Volos NFC,Panathinaikos,1,5,A,0,2,A,10,14,1,7,14,13,6,6,2,1,0,0,4.33,3.6,1.83,4.33,3.3,1.85,4.3,3.5,1.85,4.68,3.46,1.83,4.2,3.1,1.85,4.4,3.25,1.85,4.68,3.6,1.87,4.29,3.36,1.84,2.3,1.6,2.3,1.63,2.38,1.66,2.28,1.6,0.5,2.02,1.83,2.03,1.83,2.03,1.89,1.96,1.85,4.75,3.3,1.83,4.4,3.25,1.85,4.6,3.3,1.85,4.75,3.41,1.84,4.33,3.1,1.83,4.5,3.3,1.83,4.75,3.42,2,4.44,3.29,1.85,2.35,1.57,2.34,1.61,2.46,1.63,2.33,1.57,0.5,2.02,1.83,2.02,1.84,2.09,1.87,1.96,1.84
G1,30/10/2022,14:00,Olympiakos,Lamia,2,0,H,2,0,H,13,10,7,1,15,13,5,4,1,1,0,0,1.22,6.5,13,1.23,5.75,12.5,1.25,6,13,1.19,6.51,13.85,1.2,5.25,13,1.22,5.5,13,1.25,6.51,14,1.21,5.88,12.62,1.75,2.05,1.81,2.01,1.81,2.17,1.75,2.03,-1.75,2,1.85,2.01,1.78,2.03,1.96,1.97,1.83,1.22,6,13,1.22,6,13.5,1.22,6.25,14,1.2,6.53,15.32,1.18,5.25,15,1.2,5.75,15,1.25,6.8,15.32,1.21,6.04,13.62,1.66,2.15,1.69,2.17,1.79,2.2,1.7,2.11,-1.75,1.9,1.95,1.88,1.96,2.08,2,1.88,1.93
G1,30/10/2022,14:30,Levadeiakos,Atromitos,2,1,H,1,0,H,11,11,3,1,12,14,4,9,4,6,0,0,2.7,3.2,2.75,2.7,3,2.7,2.7,3.2,2.7,2.91,2.96,2.68,2.7,2.88,2.62,2.75,3,2.63,2.91,3.2,2.75,2.72,3.05,2.65,2.4,1.53,2.5,1.52,2.55,1.56,2.42,1.53,0,1.95,1.9,1.99,1.83,2,1.97,1.92,1.88,2.9,3.2,2.55,2.9,2.9,2.6,2.9,3.15,2.55,3.01,2.94,2.69,2.88,2.88,2.45,2.88,3,2.55,3.01,3.2,2.76,2.9,3,2.58,2.5,1.5,2.58,1.52,2.58,1.55,2.49,1.5,0,2.02,1.83,2.04,1.82,2.08,1.9,2.01,1.8
G1,30/10/2022,17:30,AEK,PAOK,2,0,H,1,0,H,16,4,6,0,24,16,8,5,2,3,0,0,1.61,3.75,6,1.66,3.6,5.25,1.63,3.75,6,1.64,3.65,5.62,1.62,3.3,5.5,1.65,3.4,5.75,1.7,3.75,6,1.65,3.58,5.39,2.2,1.65,2.15,1.69,2.3,1.73,2.18,1.64,-0.75,1.88,1.98,1.85,1.97,1.92,2.01,1.85,1.95,1.66,3.5,5.5,1.65,3.5,5.5,1.73,3.55,5.25,1.69,3.54,5.75,1.65,3.25,5.25,1.67,3.4,5.5,1.74,3.65,5.75,1.68,3.48,5.3,2.25,1.61,2.3,1.63,2.37,1.68,2.25,1.61,-0.75,1.88,1.98,1.91,1.94,1.95,2.04,1.89,1.91
G1,30/10/2022,18:30,Aris,OFI Crete,1,1,D,0,0,D,19,4,3,2,9,19,5,1,0,5,0,0,1.4,4.5,9,1.4,4.33,8,1.4,4.4,8.5,1.41,4.25,8.46,1.36,4,8.5,1.4,4.2,9,1.43,4.5,9,1.39,4.29,8.12,2.07,1.72,2.14,1.7,2.18,1.82,2.05,1.73,-1.25,1.98,1.88,2.02,1.81,2.02,1.96,1.97,1.83,1.4,4.5,9.5,1.4,4.4,7.75,1.47,4.2,7.25,1.4,4.43,9,1.38,3.9,8.5,1.36,4.33,9,1.47,4.53,9.5,1.4,4.3,8.11,2.07,1.72,2.09,1.76,2.16,1.84,2.04,1.74,-1.25,2.1,1.77,1.99,1.87,2.1,1.96,1.98,1.83
G1,31/10/2022,16:00,Giannina,Asteras Tripolis,2,1,H,0,0,D,10,9,4,2,11,11,6,6,3,5,0,0,2.55,3.2,2.87,2.45,3.1,2.87,2.5,3.2,2.9,2.49,3.14,2.98,2.45,2.9,2.88,2.55,3,2.9,2.55,3.2,2.98,2.47,3.09,2.89,2.35,1.57,2.46,1.54,2.46,1.63,2.35,1.56,-0.25,2.1,1.7,2.11,1.72,2.17,1.8,2.09,1.72,2.75,2.9,2.87,2.7,2.87,2.8,2.75,2.9,2.9,2.83,2.89,2.9,2.6,2.8,2.8,2.7,2.9,2.8,2.88,3.05,3.05,2.7,2.89,2.84,2.7,1.44,2.75,1.46,2.75,1.51,2.63,1.45,0,1.88,1.98,1.9,1.95,1.94,2.03,1.87,1.94
G1,05/11/2022,13:45,Lamia,Volos NFC,2,2,D,2,1,H,14,11,8,4,18,15,4,7,1,2,0,0,2.5,3.3,2.87,2.65,2.95,2.75,2.55,3.2,2.8,2.74,3.1,2.8,2.62,2.8,2.75,2.63,3,2.8,2.75,3.3,2.87,2.61,3.05,2.78,2.4,1.53,2.39,1.59,2.55,1.6,2.39,1.55,0,1.85,2,1.9,1.95,1.91,2.08,1.84,1.97,2.7,3.3,2.62,2.65,3,2.75,2.7,3.2,2.65,3.05,2.84,2.75,2.6,2.8,2.8,2.7,3,2.7,3.05,3.3,2.85,2.73,3.01,2.7,2.5,1.5,2.41,1.53,2.55,1.59,2.4,1.53,0,2,1.85,2.03,1.83,2.06,1.95,1.93,1.88
G1,05/11/2022,16:30,OFI Crete,Ionikos,0,2,A,0,0,D,17,13,2,7,15,22,6,4,2,6,0,0,2.1,3.4,3.5,2.05,3.3,3.5,2.1,3.35,3.5,2.17,3.23,3.64,2.05,3,3.6,2.1,3.13,3.6,2.17,3.4,3.7,2.1,3.23,3.54,2.2,1.65,2.2,1.68,2.26,1.73,2.16,1.66,-0.25,1.83,2.02,1.85,2,1.85,2.11,1.8,2,1.9,3.4,4.2,1.95,3.2,4.1,1.95,3.35,4.2,1.92,3.37,4.39,1.88,3,4.2,1.87,3.2,4.4,2,3.4,4.5,1.9,3.27,4.21,2.25,1.61,2.28,1.65,2.42,1.65,2.27,1.6,-0.5,1.88,1.98,1.92,1.93,1.98,2.03,1.9,1.91
G1,05/11/2022,17:00,Atromitos,Aris,0,0,D,0,0,D,6,10,2,3,14,11,5,7,3,3,0,0,3.6,3.4,2.1,3.4,3.1,2.15,3.5,3.3,2.15,3.44,3.33,2.2,3.4,2.9,2.15,3.5,3.1,2.15,3.6,3.4,2.21,3.42,3.19,2.16,2.3,1.6,2.34,1.61,2.38,1.62,2.29,1.59,0.25,2,1.85,1.96,1.89,2.04,1.89,1.93,1.86,3.4,3.3,2.15,3.6,3.1,2.1,3.6,3.25,2.15,3.7,3.19,2.17,3.5,3,2.1,3.6,3.1,2.1,3.82,3.31,2.19,3.56,3.17,2.12,2.25,1.61,2.3,1.63,2.38,1.65,2.27,1.6,0.25,2,1.85,2.02,1.84,2.03,1.92,1.99,1.82
G1,05/11/2022,19:00,PAOK,Giannina,2,0,H,2,0,H,13,3,5,0,21,11,5,6,4,4,0,0,1.33,5,9.5,1.34,4.75,9,1.35,4.8,9,1.3,5.16,11.07,1.32,4.2,10,1.33,4.5,10,1.35,5.2,11.07,1.32,4.86,9.45,1.98,1.88,1.96,1.88,2.01,1.91,1.93,1.84,-1.25,1.83,2.02,1.81,2.06,1.88,2.08,1.78,2.03,1.36,5,8,1.36,4.6,8.25,1.37,4.8,8.25,1.37,4.7,9.43,1.33,4.2,9,1.36,4.33,9,1.46,5,9.5,1.37,4.6,8.41,1.95,1.9,1.95,1.88,2.02,1.98,1.9,1.87,-1.25,1.85,2,1.89,1.95,2.08,2.05,1.87,1.93
G1,06/11/2022,14:00,Panetolikos,Levadeiakos,0,0,D,0,0,D,12,3,1,1,11,12,4,11,2,2,0,0,1.9,3.3,4.5,1.88,3.5,4,1.9,3.35,4.4,1.95,3.32,4.31,1.88,3.1,4,1.9,3.3,4.1,1.99,3.5,4.6,1.9,3.33,4.14,2.15,1.66,2.26,1.65,2.26,1.73,2.16,1.66,-0.5,1.93,1.93,1.95,1.9,1.95,2.04,1.9,1.9,1.85,3.3,4.75,1.88,3.3,4.1,1.85,3.3,4.6,1.9,3.32,4.56,1.85,3.1,4.2,1.85,3.25,4.4,1.92,3.44,5.1,1.86,3.3,4.36,2.25,1.61,2.32,1.63,2.32,1.68,2.22,1.63,-0.5,1.85,2,1.9,1.95,1.9,2.06,1.86,1.95
G1,06/11/2022,17:30,Panathinaikos,Olympiakos,1,1,D,0,0,D,6,15,2,7,13,21,5,7,4,6,0,0,2.2,3.3,3.4,2.15,3.2,3.4,2.45,3.15,3,2.23,3.18,3.41,2.15,2.9,3.4,2.2,3,3.5,2.45,3.3,3.5,2.21,3.14,3.33,2.25,1.61,2.33,1.6,2.35,1.64,2.26,1.61,-0.25,1.85,2,1.9,1.92,1.96,2.06,1.87,1.93,2.2,3.1,3.5,2.2,2.95,3.6,2.2,3.1,3.55,2.2,2.98,3.92,2.15,2.88,3.5,2.15,2.9,3.75,2.3,3.23,3.92,2.19,3,3.58,2.5,1.5,2.58,1.52,2.74,1.65,2.53,1.49,-0.25,1.83,2.02,1.85,2.01,1.92,2.11,1.84,1.97
G1,06/11/2022,18:30,Asteras Tripolis,AEK,1,1,D,0,0,D,9,21,3,7,13,12,2,4,5,2,0,0,6,3.6,1.65,4.8,3.6,1.7,5.75,3.6,1.65,5.71,3.84,1.6,5.25,3.4,1.62,5.5,3.6,1.62,6,3.92,1.7,5.32,3.67,1.64,2.02,1.83,2.04,1.76,2.06,1.84,2.01,1.77,0.75,2.02,1.83,2.06,1.78,2.06,1.9,1.98,1.82,6.5,3.75,1.6,5.75,3.8,1.58,6.25,3.8,1.6,5.98,3.95,1.59,6,3.5,1.53,6,3.75,1.57,6.5,3.95,1.62,5.93,3.74,1.58,2.02,1.83,2,1.84,2.1,1.87,2,1.78,1,1.8,2.05,1.79,2.08,1.87,2.14,1.77,2.04
G1,08/11/2022,18:00,Aris,Lamia,5,0,H,3,0,H,18,8,8,5,17,16,8,3,1,2,0,1,1.53,4,7,1.55,3.8,6.25,1.53,3.9,6.75,1.53,3.93,7,1.5,3.6,6.5,1.53,3.8,6.5,1.55,4,7.2,1.52,3.87,6.53,2.1,1.7,2.18,1.69,2.25,1.78,2.14,1.67,-1,2,1.85,1.98,1.88,2.05,1.92,1.94,1.86,1.4,4.33,9,1.44,4,8,1.5,3.9,7.25,1.45,4.07,8.78,1.44,3.7,7.5,1.45,3.8,7,1.65,4.33,9,1.48,3.91,7.45,2.2,1.65,2.22,1.68,2.3,1.69,2.23,1.62,-1,1.68,2.15,1.78,2.1,2.21,2.2,1.85,1.97
G1,09/11/2022,15:00,Panetolikos,Panathinaikos,0,1,A,0,0,D,5,14,1,5,14,17,3,6,3,3,0,0,5.5,3.75,1.65,5,3.6,1.68,5.5,3.7,1.67,5.86,3.82,1.62,5.25,3.4,1.62,5.5,3.5,1.65,5.86,3.82,1.68,5.27,3.65,1.65,2.1,1.7,2.13,1.73,2.16,1.77,2.09,1.71,0.75,2.02,1.83,2.05,1.81,2.05,1.88,1.95,1.83,5.75,3.3,1.72,5.25,3.2,1.77,5.75,3.3,1.73,6.17,3.28,1.72,5,3.1,1.73,5.5,3.2,1.75,6.17,3.5,1.85,5.51,3.24,1.73,2.7,1.44,2.67,1.49,2.91,1.51,2.69,1.44,0.75,1.88,1.98,1.88,1.97,1.92,2.05,1.83,1.96
G1,09/11/2022,16:00,Atromitos,Asteras Tripolis,2,0,H,2,0,H,9,18,5,4,11,16,2,3,1,3,0,0,2.5,3.2,3,2.4,3.1,2.95,2.5,3.15,2.95,2.58,2.99,3.11,2.45,2.88,2.9,2.45,3,3,2.58,3.2,3.11,2.48,3.03,2.97,2.4,1.53,2.51,1.54,2.55,1.56,2.44,1.52,-0.25,2.08,1.73,2.16,1.72,2.16,1.8,2.1,1.72,2.3,3.25,3.3,2.25,3.1,3.25,2.3,3.2,3.2,2.29,3.11,3.48,2.25,3,3.1,2.3,3.1,3.2,2.6,3.26,3.48,2.28,3.12,3.23,2.25,1.61,2.28,1.64,2.35,1.67,2.23,1.62,-0.25,1.93,1.93,1.94,1.91,2.08,1.97,1.93,1.86
G1,09/11/2022,18:00,AEK,OFI Crete,3,0,H,2,0,H,26,12,10,1,16,11,11,5,0,1,0,0,1.25,6,12,1.24,6,11.5,1.25,6,12,1.22,6.26,13.08,1.2,5.25,13,1.22,5.5,13,1.25,6.4,13.08,1.22,5.93,12.03,1.61,2.25,1.61,2.33,1.67,2.33,1.62,2.25,-1.75,1.95,1.9,1.93,1.91,1.99,1.94,1.9,1.88,1.2,7,13,1.2,6.5,13,1.22,6.5,13,1.18,7,15.03,1.15,6,15,1.2,6,15,1.22,7.25,15.25,1.19,6.55,13.2,1.5,2.5,1.5,2.59,1.52,2.63,1.49,2.51,-2,2.02,1.83,2,1.84,2.07,1.9,1.98,1.82
G1,09/11/2022,18:00,Levadeiakos,Olympiakos,0,1,A,0,1,A,10,17,2,7,16,12,5,4,1,1,0,0,9,4.75,1.36,8.75,4.75,1.36,8.5,4.8,1.37,9.98,4.96,1.34,9.5,4.33,1.32,10,4.5,1.33,10,5,1.37,9.02,4.76,1.34,1.85,2,1.86,1.98,1.88,2.03,1.82,1.94,1.25,2,1.85,2.05,1.82,2.1,1.86,2.01,1.79,9,4.5,1.4,8.75,4.75,1.35,8.75,4.7,1.37,9.48,4.8,1.36,9,4.33,1.32,9,4.33,1.36,10,5,1.4,8.71,4.63,1.35,1.88,1.98,1.85,2,2.02,2.01,1.84,1.93,1.25,1.98,1.88,2.01,1.85,2.03,1.95,1.96,1.84
G1,10/11/2022,17:00,Volos NFC,Giannina,2,1,H,0,0,D,13,8,4,3,15,12,9,3,2,2,0,0,1.75,3.6,4.75,1.78,3.4,4.6,1.77,3.55,4.6,1.72,3.74,4.72,1.78,3.2,4.5,1.75,3.4,4.8,1.82,3.81,4.8,1.76,3.52,4.56,2.15,1.66,2.12,1.71,2.21,1.73,2.14,1.68,-0.75,1.98,1.88,1.98,1.84,2.1,1.91,1.99,1.81,1.83,3.5,4.5,1.8,3.4,4.4,1.8,3.5,4.6,1.79,3.62,4.71,1.78,3.25,4.4,1.8,3.5,4.33,1.85,3.62,4.9,1.79,3.47,4.47,2.02,1.83,1.99,1.85,2.13,1.9,2.02,1.76,-0.5,1.83,2.02,1.78,2.08,1.86,2.1,1.79,2.01
G1,10/11/2022,19:30,Ionikos,PAOK,0,3,A,0,2,A,4,8,0,5,15,23,4,2,2,0,0,0,5.25,3.6,1.7,4.6,3.7,1.72,5.25,3.6,1.7,4.68,3.58,1.76,4.8,3.4,1.67,5,3.4,1.73,5.25,3.7,1.78,4.73,3.56,1.72,2.07,1.72,2.04,1.77,2.1,1.82,2.04,1.75,0.75,1.93,1.93,1.82,2.01,1.93,2.01,1.84,1.94,4.75,3.6,1.8,4.75,3.4,1.75,4.6,3.5,1.8,5.04,3.53,1.76,4.6,3.2,1.75,4.8,3.4,1.75,5.25,3.7,1.82,4.75,3.45,1.76,2.15,1.66,2.2,1.68,2.26,1.74,2.17,1.65,0.75,1.83,2.02,1.84,2.02,1.87,2.05,1.81,1.99
G1,13/11/2022,14:00,Giannina,Aris,0,4,A,0,0,D,10,15,5,5,8,18,4,4,1,3,0,0,4.33,3.4,1.9,3.8,3.3,1.95,4.2,3.35,1.95,4.11,3.45,1.91,4,3.1,1.88,4.2,3.2,1.91,4.33,3.5,1.96,4.01,3.31,1.91,2.3,1.6,2.18,1.67,2.32,1.67,2.24,1.61,0.5,1.93,1.93,1.91,1.91,1.94,1.98,1.88,1.91,4.33,3.4,1.85,4.2,3.3,1.87,4.4,3.4,1.85,4.65,3.42,1.85,4.2,3.2,1.83,4.33,3.3,1.85,4.8,3.45,1.95,4.3,3.34,1.84,2.25,1.61,2.28,1.64,2.35,1.67,2.25,1.61,0.5,2,1.85,2,1.85,2.06,1.95,1.95,1.85
G1,13/11/2022,15:15,Panathinaikos,Atromitos,2,0,H,0,0,D,22,4,5,0,11,12,6,0,1,3,0,1,1.4,4.5,9,1.39,4.4,8.25,1.4,4.5,8.75,1.34,4.71,9.5,1.33,4,10,1.36,4.2,10,1.4,4.9,10,1.36,4.48,8.81,2.05,1.8,2.02,1.79,2.06,1.84,1.99,1.78,-1.25,1.98,1.88,1.92,1.9,1.98,2,1.88,1.91,1.33,4.75,12,1.34,4.6,10,1.33,4.8,11,1.34,4.65,11.44,1.29,4.33,11,1.3,4.6,11.5,1.37,4.9,12,1.32,4.61,10.4,2.07,1.72,2.07,1.77,2.19,1.83,2.04,1.74,-1.25,1.8,2.05,1.85,2.01,1.85,2.12,1.78,2.02
G1,13/11/2022,16:00,Lamia,Panetolikos,1,3,A,1,2,A,13,8,3,4,17,23,3,4,3,1,0,0,2.2,3.25,3.5,2.2,3.2,3.25,2.2,3.2,3.45,2.25,3.06,3.52,2.15,3,3.3,2.2,3.1,3.4,2.27,3.25,3.57,2.2,3.1,3.36,2.25,1.61,2.46,1.54,2.48,1.63,2.34,1.56,-0.25,1.88,1.98,1.9,1.92,1.95,1.98,1.88,1.9,2.1,3.2,3.8,2.1,3.1,3.7,2.1,3.2,3.75,2.17,3,4,2.1,2.9,3.6,2.15,3,3.6,2.21,3.22,4,2.11,3.03,3.75,2.5,1.5,2.57,1.52,2.63,1.55,2.5,1.5,-0.25,1.83,2.02,1.82,2.04,1.89,2.08,1.81,1.99
G1,13/11/2022,17:30,Olympiakos,AEK,0,0,D,0,0,D,8,11,2,5,18,24,3,7,3,3,0,0,2.3,3.2,3.1,2.25,3.2,3.1,2.35,3.25,3.15,2.31,3.22,3.21,2.25,3,3.1,2.3,3.1,3.2,2.35,3.32,3.35,2.27,3.2,3.12,2.15,1.66,2.11,1.71,2.25,1.74,2.13,1.68,-0.25,2,1.85,1.97,1.85,2.03,1.95,1.95,1.84,2.25,3.3,3.25,2.25,3.25,3.1,2.25,3.35,3.15,2.35,3.11,3.36,2.2,3.1,3.1,2.25,3.25,3.13,2.35,3.35,3.37,2.25,3.19,3.18,2.15,1.66,2.22,1.68,2.26,1.79,2.11,1.69,-0.25,1.98,1.88,1.99,1.86,2,1.92,1.94,1.86
G1,13/11/2022,19:30,PAOK,Volos NFC,3,0,H,2,0,H,18,7,7,2,15,10,3,2,2,4,0,0,1.5,4.33,6.5,1.46,4.33,6.75,1.5,4.3,6.5,1.47,4.2,6.86,1.42,3.9,7,1.44,4,7.5,1.5,4.5,7.5,1.46,4.22,6.64,1.85,2,1.95,1.85,1.95,2,1.87,1.89,-1,1.83,2.02,1.81,2.02,1.83,2.16,1.77,2.03,1.4,4.5,8,1.41,4.4,7.5,1.43,4.5,7.75,1.43,4.59,7.52,1.36,4.2,7.5,1.4,4.4,7.5,1.44,4.85,8.2,1.4,4.45,7.43,1.83,2.02,1.8,2.03,1.93,2.14,1.8,1.97,-1.25,2,1.85,1.98,1.88,2.02,1.95,1.93,1.86
G1,14/11/2022,16:00,Asteras Tripolis,Ionikos,1,0,H,1,0,H,11,12,3,4,9,19,5,4,3,4,0,0,1.75,3.3,5.25,1.77,3.3,4.8,1.77,3.35,5.25,1.76,3.6,4.68,1.75,3.1,4.8,1.8,3.2,5,1.83,3.64,5.25,1.77,3.35,4.77,2.4,1.53,2.39,1.56,2.5,1.59,2.39,1.54,-0.75,2.05,1.8,2.05,1.79,2.09,1.83,2.02,1.78,1.65,3.8,5.5,1.61,3.6,5.75,1.65,3.7,5.5,1.61,3.64,6.46,1.6,3.4,5.5,1.62,3.5,6,1.67,3.82,6.5,1.62,3.58,5.75,2.2,1.65,2.24,1.67,2.32,1.76,2.18,1.65,-0.75,1.8,2.05,1.81,2.06,1.82,2.12,1.79,2.01
G1,14/11/2022,17:30,OFI Crete,Levadeiakos,2,1,H,0,1,A,8,2,4,1,19,11,5,1,6,3,0,0,1.9,3.25,4.5,1.9,3.3,4.1,1.9,3.25,4.5,1.81,3.34,4.79,1.83,3.1,4.33,1.87,3.2,4.4,1.94,3.39,4.9,1.86,3.25,4.35,2.3,1.6,2.35,1.58,2.43,1.64,2.31,1.58,-0.5,1.93,1.93,1.81,2.01,1.95,2.01,1.86,1.92,1.7,3.8,5.5,1.66,3.5,5.25,1.7,3.65,5.25,1.69,3.71,5.29,1.73,3.25,4.75,1.73,3.4,5,1.92,3.8,5.5,1.73,3.51,4.82,2.1,1.7,2.13,1.73,2.19,1.77,2.11,1.69,-0.5,1.65,2.2,1.68,2.22,1.89,2.29,1.74,2.07
